{
    "mean_gc": 59.14,
    "min_gc": 35.699999999999996,
    "max_gc": 83.3,
    "std_gc": 6.991766586493002
}